Epoch,Phase,Loss
1,train,0.13970058257877827
1,test,0.020383566344777743
2,train,0.012815405100584031
2,test,0.010039016902446747
