Epoch,Phase,Loss
1,train,0.07459212035685778
1,test,0.032614644144972164
2,train,0.025947955548763276
2,test,0.030277765020728112
